date,frontier_tokens,open_tokens,unknown_tokens,other_tokens,open_share_low,open_share_high
2025-01,1501044287786,337516413796,305460223169,86113031340,0.151344,0.183576
2025-02,2412044067573,480960309485,453005937134,150557112711,0.137552,0.166249
2025-03,4353903386528,1162337439618,623233353225,221405642394,0.182732,0.210712
2025-04,5347515902155,1571485873377,1038856169471,337001716201,0.189453,0.227126
2025-05,7244955991928,1553695524610,551054823373,511471691784,0.157557,0.176583
2025-06,6407471001876,1904272278838,588453403284,511440226045,0.202332,0.229106
2025-07,7186593134215,2984938680298,617951664812,599166662689,0.262098,0.293460
2025-08,8270977773364,4558854994151,1253572104434,888841798538,0.304487,0.355332
2025-09,14645213674332,4193874430335,1393786197944,1187291505825,0.195791,0.222616
2025-10,15574920643289,4411473873214,913663191148,1446401082047,0.197413,0.220724
2025-11,18195826959616,4842128633891,1742450789620,1780165055124,0.182305,0.210180
2025-12,15589312128824,6650701807798,1445664979047,2329059506785,0.255651,0.299042
2026-01,18820443583050,9445329783767,877535206983,2549986009308,0.298023,0.334161
2026-02,22452035605032,22986959952744,1140212101739,3207947814950,0.461705,0.505886
2026-03,32283377723519,31769692034459,13794233690596,5939829928023,0.379171,0.495990
2026-04,37019189296413,35833783706184,15503233791490,8786335883334,0.368878,0.491864
2026-05,41694724940009,62657358315166,6528762420899,12023872737341,0.509804,0.600442
2026-06,50911555566178,112274534820057,13109579345915,12056704642280,0.596088,0.688015
2026-07,57194570933919,173273019995578,1876941596536,16047718393250,0.697578,0.751832
2026-08,84059210152332,239825650927041,33436593230490,22057753949888,0.632153,0.740466
2026-09,125749606273948,368934563196653,45211480102739,36001803576983,0.640625,0.745798
2026-10,38170301331537,125188869366506,39282635865108,14163114359313,0.577426,0.766341
